seed,regime,variant,injection_true,alarm_level,alarm_any,alarm_red,max_odds_ratio,dual_signal,n_flagged,g3_purity,g3_recall,n_g3_events,n_total_events,run_id,run_timestamp
664,none,default,False,none,0,0,0.864756,0,0,0.0,,0,500,7b803926-95f0-4577-b3e4-6f70d0d7476f,2026-03-31T22:09:23.535991+00:00
1664,none,default,False,yellow,1,0,1.511722,0,1,0.0,,0,500,ab9a7de0-6be0-4353-a279-78edd2414fdc,2026-03-31T22:09:23.535991+00:00
2664,none,default,False,none,0,0,1.375929,0,0,0.0,,0,500,025da640-990e-42ca-b437-f9b73dfe5b6d,2026-03-31T22:09:23.535991+00:00
3664,none,default,False,yellow,1,0,1.605865,0,2,0.0,,0,500,f17882a4-5249-4450-870c-14651402be85,2026-03-31T22:09:23.535991+00:00
4664,none,default,False,none,0,0,1.186155,0,0,0.0,,0,500,6be93454-2fc1-490d-8bcf-1186f35f038a,2026-03-31T22:09:23.535991+00:00
504,weak,default,True,none,0,0,1.051087,0,0,0.672727,0.37,100,500,e6b93aed-c983-4a3d-8499-8679b62496ec,2026-03-31T22:09:23.535991+00:00
1504,weak,default,True,none,0,0,1.113089,0,0,0.6,0.22807,171,500,7e2fb903-11c8-438c-9a2a-fdd69e0e58fe,2026-03-31T22:09:23.535991+00:00
2504,weak,default,True,none,0,0,1.099393,0,0,0.723077,0.52809,89,500,a07ef43e-c009-40fe-a510-23f2a81f06ec,2026-03-31T22:09:23.535991+00:00
3504,weak,default,True,none,0,0,1.047111,0,0,0.609375,0.672414,58,500,97d139e2-5e31-4c67-bd46-8ac2596005b0,2026-03-31T22:09:23.535991+00:00
4504,weak,default,True,yellow,1,0,1.546661,0,1,0.0,,0,500,6c3da6ea-8846-4fa4-85db-549c5191f217,2026-03-31T22:09:23.535991+00:00
465,moderate,default,True,none,0,0,1.36936,0,0,0.666667,0.405063,79,500,779185be-c6bb-41e7-9e14-792f0b1c13dc,2026-03-31T22:09:23.535991+00:00
1465,moderate,default,True,none,0,0,1.186505,0,0,0.696429,0.47561,82,500,f5f15db8-1286-4a84-b6e3-6c7831606498,2026-03-31T22:09:23.535991+00:00
2465,moderate,default,True,yellow,1,0,1.583596,0,1,0.6,0.307087,127,500,92da921d-195e-46c1-a87c-917c48263925,2026-03-31T22:09:23.535991+00:00
3465,moderate,default,True,yellow,1,0,1.567819,0,1,0.578431,0.797297,74,500,2d0321f6-ac85-4903-8377-89b85281d151,2026-03-31T22:09:23.535991+00:00
4465,moderate,default,True,none,0,0,1.107752,0,0,0.636364,0.724138,58,500,f5202f46-7a2e-45c9-a1f6-c7c75147ada7,2026-03-31T22:09:23.535991+00:00
562,strong,default,True,none,0,0,1.169894,0,0,0.787879,0.105691,246,500,39029109-efa4-4479-95e4-6270afdb3514,2026-03-31T22:09:23.535991+00:00
1562,strong,default,True,none,0,0,1.443703,0,0,0.66,0.22,150,500,ef129314-1613-4824-a2cc-a8bd9100fb50,2026-03-31T22:09:23.535991+00:00
2562,strong,default,True,none,0,0,1.218267,0,0,0.655738,0.487805,82,500,7463e60c-d07d-48ec-b2ce-fc1b9f8f520d,2026-03-31T22:09:23.535991+00:00
3562,strong,default,True,none,0,0,1.388535,0,0,0.65,0.414894,94,500,6385d7fd-855b-485e-89bc-91cfe69b2594,2026-03-31T22:09:23.535991+00:00
4562,strong,default,True,none,0,0,1.177179,0,0,0.631579,0.202247,178,500,287ba355-cb73-45c1-838f-c181341a0904,2026-03-31T22:09:23.535991+00:00
5664,none,default,False,yellow,1,0,1.453493,0,1,0.0,,0,500,46e23a63-8381-4ef7-a9df-19e9fe22da0f,2026-03-31T22:10:03.934233+00:00
6664,none,default,False,none,0,0,1.383642,0,0,0.0,,0,500,94b8773d-de2d-4674-bac7-603cf332f7b0,2026-03-31T22:10:03.934233+00:00
7664,none,default,False,none,0,0,1.269508,0,0,0.0,,0,500,6ab17bb9-e300-4090-85d8-7302814d9df5,2026-03-31T22:10:03.934233+00:00
8664,none,default,False,none,0,0,1.367046,0,0,0.0,,0,500,176a7ee5-741e-460e-a3cd-ec8de1398861,2026-03-31T22:10:03.934233+00:00
9664,none,default,False,none,0,0,1.589704,0,0,0.0,,0,500,28aad6d9-d4e2-4c82-a88b-5d9e270207dc,2026-03-31T22:10:03.934233+00:00
5504,weak,default,True,yellow,1,0,1.536718,0,1,0.616667,0.606557,61,500,1a27d6ef-9b15-4a2c-ab3d-837c3692cedf,2026-03-31T22:10:03.934233+00:00
6504,weak,default,True,none,0,0,1.263059,0,0,0.652778,0.839286,56,500,70fc1fa8-1104-49fd-b123-5fd9064a8dbf,2026-03-31T22:10:03.934233+00:00
7504,weak,default,True,none,0,0,0.0,0,0,0.652174,0.625,48,500,9edf64ef-32bf-41b2-ae7d-48b9eb1d4d59,2026-03-31T22:10:03.934233+00:00
8504,weak,default,True,none,0,0,0.971096,0,0,0.681818,1.0,30,500,675194de-78ea-4ec6-a70e-8e5e1c8c1636,2026-03-31T22:10:03.934233+00:00
9504,weak,default,True,none,0,0,1.166539,0,0,0.0,0.0,6,500,5aad79a7-d0ad-4217-8b9f-49bbddf75891,2026-03-31T22:10:03.934233+00:00
5465,moderate,default,True,none,0,0,1.009454,0,0,0.657534,0.813559,59,500,61d96fcf-54d2-4838-a299-66c4b6309301,2026-03-31T22:10:03.934233+00:00
6465,moderate,default,True,none,0,0,1.36357,0,0,0.611111,0.25,132,500,d47957e6-a76e-495f-9b00-fc491a67d590,2026-03-31T22:10:03.934233+00:00
7465,moderate,default,True,none,0,0,1.448241,0,0,0.606061,0.740741,27,500,b27b3059-eda1-49de-bbca-6719364b0d96,2026-03-31T22:10:03.934233+00:00
8465,moderate,default,True,yellow,1,0,1.538137,0,1,0.641791,0.488636,88,500,f0f85afd-7aaf-436d-b511-a131d881eb50,2026-03-31T22:10:03.934233+00:00
9465,moderate,default,True,yellow,1,0,1.532255,0,1,0.638298,0.379747,79,500,4c4b2088-433a-4cc0-a49f-0ce8ea7cdfda,2026-03-31T22:10:03.934233+00:00
5562,strong,default,True,none,0,0,1.275973,0,0,0.704545,0.116541,266,500,2b43f827-b74e-4e27-bacf-d66cc59c8ce8,2026-03-31T22:10:03.934233+00:00
6562,strong,default,True,yellow,1,0,1.619563,0,1,0.662651,0.395683,139,500,a06301de-c673-433f-8e28-0aac5b3f2748,2026-03-31T22:10:03.934233+00:00
7562,strong,default,True,none,0,0,1.370678,0,0,0.641509,0.237762,143,500,a7808611-ff85-4063-b79c-65ef0d92124f,2026-03-31T22:10:03.934233+00:00
8562,strong,default,True,none,0,0,1.216468,0,0,0.508475,0.6,50,500,6b29c19f-d76e-473e-8e21-6b02a71250dd,2026-03-31T22:10:03.934233+00:00
9562,strong,default,True,none,0,0,1.277481,0,0,0.632353,0.234973,183,500,50ce06e6-1315-48fc-8cad-8bfcfa0ce710,2026-03-31T22:10:03.934233+00:00
10664,none,default,False,yellow,1,0,1.5119938380475708,0,1,0.0,,0,500,2fcb8b96-3b48-41a1-be13-4783b8fe174d,2026-03-31T22:10:57.368260+00:00
11664,none,default,False,yellow,1,0,1.6161168037659406,0,1,0.0,,0,500,8d4956ac-22f6-407f-a48f-1b92307ca6ab,2026-03-31T22:10:57.368260+00:00
12664,none,default,False,yellow,1,0,1.4448345955321809,0,1,0.0,,0,500,31d5ddc2-daec-4331-87a3-0f01b7a89172,2026-03-31T22:10:57.368260+00:00
13664,none,default,False,none,0,0,1.2717229358404396,0,0,0.0,,0,500,77a7ebf8-db18-4dc8-acce-8dcb79349146,2026-03-31T22:10:57.368260+00:00
14664,none,default,False,none,0,0,1.2218921790046424,0,0,0.0,,0,500,1cfb5959-96e4-497c-a33f-7f5f32ffdd0d,2026-03-31T22:10:57.368260+00:00
10504,weak,default,True,none,0,0,1.0262284070235055,0,0,0.7941176470588235,0.24545454545454545,110,500,2aa5d864-2af4-4a4e-977d-afcaff1eba4a,2026-03-31T22:10:57.368260+00:00
11504,weak,default,True,none,0,0,1.0296429385714139,0,0,0.0,,0,500,df7606f9-11a5-45a9-987d-143560133a89,2026-03-31T22:10:57.368260+00:00
12504,weak,default,True,none,0,0,1.3260445928063438,0,0,0.6410256410256411,0.5813953488372093,43,500,46e16339-9234-4019-ad4d-ab0139677a29,2026-03-31T22:10:57.368260+00:00
13504,weak,default,True,none,0,0,1.2624695999748017,0,0,0.6226415094339622,0.4125,80,500,5595a75a-5df0-47ba-820e-62fe3f18e539,2026-03-31T22:10:57.368260+00:00
14504,weak,default,True,none,0,0,1.1213598720393847,0,0,0.0,0.0,21,500,c5c23e38-7b23-4ac6-91ef-c1b3757a9f60,2026-03-31T22:10:57.368260+00:00
10465,moderate,default,True,none,0,0,1.2239742206656234,0,0,0.6571428571428571,1.0,23,500,9c98f060-ab10-4e01-a08c-582f3d6a93ea,2026-03-31T22:10:57.368260+00:00
11465,moderate,default,True,none,0,0,0.0,0,0,0.71875,0.19827586206896552,116,500,ad5923e7-40c0-4f5a-86d9-261a903a0b0d,2026-03-31T22:10:57.368260+00:00
12465,moderate,default,True,none,0,0,1.1976301322517107,0,0,0.6363636363636364,0.2978723404255319,94,500,8e2d2607-187d-4b88-a35f-a475cd60a094,2026-03-31T22:10:57.368260+00:00
13465,moderate,default,True,yellow,1,0,1.507762827519123,0,1,0.711864406779661,0.2485207100591716,169,500,4f58889f-d3c4-4ab1-81cd-2fe7a7696c19,2026-03-31T22:10:57.368260+00:00
14465,moderate,default,True,yellow,1,0,1.6233098673682917,0,1,0.7647058823529411,0.49056603773584906,53,500,f6974d97-049f-43f1-9abe-e07a040819c6,2026-03-31T22:10:57.368260+00:00
10562,strong,default,True,none,0,0,1.2671724846920183,0,0,0.6470588235294118,0.32673267326732675,101,500,551f74fb-a529-49ff-ae96-b3de033a6453,2026-03-31T22:10:57.368260+00:00
11562,strong,default,True,none,0,0,1.3433624012610004,0,0,0.6716417910447762,0.371900826446281,121,500,2af4ab66-6b74-4f6c-b6c0-e2d378341ff5,2026-03-31T22:10:57.368260+00:00
12562,strong,default,True,yellow,1,0,1.5322287091602371,0,1,0.6285714285714286,0.4,110,500,25b86c3f-39a7-4e95-87b7-396d8283fe70,2026-03-31T22:10:57.368260+00:00
13562,strong,default,True,none,0,0,1.3654782772836416,0,0,0.6875,0.4036697247706422,109,500,4a2658ea-b41a-4658-9391-31f67412f789,2026-03-31T22:10:57.368260+00:00
14562,strong,default,True,yellow,1,0,1.5862639053845997,0,1,0.65,0.15204678362573099,171,500,dfb0fad0-f9a1-4a30-9b25-f01a5ac22d38,2026-03-31T22:10:57.368260+00:00
